season,poll_stage,poll_week,effective_schedule_week,poll_order,poll_label,poll_date,rank,team_id,team_name,team_abbreviation,division,conference,previous_rank,rank_change,first_place_votes,poll_points,record
2025,preseason,,1,1,Preseason,2025-08-11,1,251,Texas Longhorns,TEX,FBS,Southeastern Conference,,,25,1552,0-0
2025,preseason,,1,1,Preseason,2025-08-11,2,213,Penn State Nittany Lions,PSU,FBS,Big Ten Conference,,,23,1547,0-0
2025,preseason,,1,1,Preseason,2025-08-11,3,194,Ohio State Buckeyes,OSU,FBS,Big Ten Conference,,,11,1472,0-0
2025,preseason,,1,1,Preseason,2025-08-11,4,228,Clemson Tigers,CLEM,FBS,Atlantic Coast Conference,,,4,1398,0-0
2025,preseason,,1,1,Preseason,2025-08-11,5,61,Georgia Bulldogs,UGA,FBS,Southeastern Conference,,,1,1331,0-0
2025,preseason,,1,1,Preseason,2025-08-11,6,87,Notre Dame Fighting Irish,ND,FBS,FBS Independents,,,0,1325,0-0
2025,preseason,,1,1,Preseason,2025-08-11,7,2483,Oregon Ducks,ORE,FBS,Big Ten Conference,,,1,1236,0-0
2025,preseason,,1,1,Preseason,2025-08-11,8,333,Alabama Crimson Tide,ALA,FBS,Southeastern Conference,,,0,1179,0-0
2025,preseason,,1,1,Preseason,2025-08-11,9,99,LSU Tigers,LSU,FBS,Southeastern Conference,,,0,1174,0-0
2025,preseason,,1,1,Preseason,2025-08-11,10,2390,Miami Hurricanes,MIA,FBS,Atlantic Coast Conference,,,0,889,0-0
2025,preseason,,1,1,Preseason,2025-08-11,11,9,Arizona State Sun Devils,ASU,FBS,Big 12 Conference,,,0,791,0-0
2025,preseason,,1,1,Preseason,2025-08-11,12,356,Illinois Fighting Illini,ILL,FBS,Big Ten Conference,,,0,713,0-0
2025,preseason,,1,1,Preseason,2025-08-11,13,2579,South Carolina Gamecocks,SC,FBS,Southeastern Conference,,,0,667,0-0
2025,preseason,,1,1,Preseason,2025-08-11,14,130,Michigan Wolverines,MICH,FBS,Big Ten Conference,,,0,662,0-0
2025,preseason,,1,1,Preseason,2025-08-11,15,57,Florida Gators,FLA,FBS,Southeastern Conference,,,0,626,0-0
2025,preseason,,1,1,Preseason,2025-08-11,16,2567,SMU Mustangs,SMU,FBS,Atlantic Coast Conference,,,0,565,0-0
2025,preseason,,1,1,Preseason,2025-08-11,17,2306,Kansas State Wildcats,KSU,FBS,Big 12 Conference,,,0,512,0-0
2025,preseason,,1,1,Preseason,2025-08-11,18,201,Oklahoma Sooners,OU,FBS,Southeastern Conference,,,0,463,0-0
2025,preseason,,1,1,Preseason,2025-08-11,19,245,Texas A&M Aggies,TA&M,FBS,Southeastern Conference,,,0,434,0-0
2025,preseason,,1,1,Preseason,2025-08-11,20,84,Indiana Hoosiers,IU,FBS,Big Ten Conference,,,0,423,0-0
2025,preseason,,1,1,Preseason,2025-08-11,21,145,Ole Miss Rebels,MISS,FBS,Southeastern Conference,,,0,370,0-0
2025,preseason,,1,1,Preseason,2025-08-11,22,66,Iowa State Cyclones,ISU,FBS,Big 12 Conference,,,0,309,0-0
2025,preseason,,1,1,Preseason,2025-08-11,23,2641,Texas Tech Red Raiders,TTU,FBS,Big 12 Conference,,,0,274,0-0
2025,preseason,,1,1,Preseason,2025-08-11,24,2633,Tennessee Volunteers,TENN,FBS,Southeastern Conference,,,0,192,0-0
2025,preseason,,1,1,Preseason,2025-08-11,25,68,Boise State Broncos,BOIS,FBS,Mountain West Conference,,,0,191,0-0
2025,regular,2,2,2,Week 2,2025-09-02,1,194,Ohio State Buckeyes,OSU,FBS,Big Ten Conference,3,2,55,1636,1-0
2025,regular,2,2,2,Week 2,2025-09-02,2,213,Penn State Nittany Lions,PSU,FBS,Big Ten Conference,2,0,7,1558,1-0
2025,regular,2,2,2,Week 2,2025-09-02,3,99,LSU Tigers,LSU,FBS,Southeastern Conference,9,6,3,1514,1-0
2025,regular,2,2,2,Week 2,2025-09-02,4,61,Georgia Bulldogs,UGA,FBS,Southeastern Conference,5,1,0,1410,1-0
2025,regular,2,2,2,Week 2,2025-09-02,5,2390,Miami Hurricanes,MIA,FBS,Atlantic Coast Conference,10,5,0,1360,1-0
2025,regular,2,2,2,Week 2,2025-09-02,6,2483,Oregon Ducks,ORE,FBS,Big Ten Conference,7,1,1,1302,1-0
2025,regular,2,2,2,Week 2,2025-09-02,7,251,Texas Longhorns,TEX,FBS,Southeastern Conference,1,-6,0,1293,0-1
2025,regular,2,2,2,Week 2,2025-09-02,8,228,Clemson Tigers,CLEM,FBS,Atlantic Coast Conference,4,-4,0,1135,0-1
2025,regular,2,2,2,Week 2,2025-09-02,9,87,Notre Dame Fighting Irish,ND,FBS,FBS Independents,6,-3,0,1068,0-1
2025,regular,2,2,2,Week 2,2025-09-02,10,2579,South Carolina Gamecocks,SC,FBS,Southeastern Conference,13,3,0,882,1-0
2025,regular,2,2,2,Week 2,2025-09-02,11,356,Illinois Fighting Illini,ILL,FBS,Big Ten Conference,12,1,0,855,1-0
2025,regular,2,2,2,Week 2,2025-09-02,12,9,Arizona State Sun Devils,ASU,FBS,Big 12 Conference,11,-1,0,850,1-0
2025,regular,2,2,2,Week 2,2025-09-02,13,57,Florida Gators,FLA,FBS,Southeastern Conference,15,2,0,737,1-0
2025,regular,2,2,2,Week 2,2025-09-02,14,52,Florida State Seminoles,FSU,FBS,Atlantic Coast Conference,,,0,705,1-0
2025,regular,2,2,2,Week 2,2025-09-02,15,130,Michigan Wolverines,MICH,FBS,Big Ten Conference,14,-1,0,686,1-0
2025,regular,2,2,2,Week 2,2025-09-02,16,66,Iowa State Cyclones,ISU,FBS,Big 12 Conference,22,6,0,566,2-0
2025,regular,2,2,2,Week 2,2025-09-02,17,2567,SMU Mustangs,SMU,FBS,Atlantic Coast Conference,16,-1,0,561,1-0
2025,regular,2,2,2,Week 2,2025-09-02,18,201,Oklahoma Sooners,OU,FBS,Southeastern Conference,18,0,0,519,1-0
2025,regular,2,2,2,Week 2,2025-09-02,19,245,Texas A&M Aggies,TA&M,FBS,Southeastern Conference,19,0,0,424,1-0
2025,regular,2,2,2,Week 2,2025-09-02,20,145,Ole Miss Rebels,MISS,FBS,Southeastern Conference,21,1,0,393,1-0
2025,regular,2,2,2,Week 2,2025-09-02,21,333,Alabama Crimson Tide,ALA,FBS,Southeastern Conference,8,-13,0,360,0-1
2025,regular,2,2,2,Week 2,2025-09-02,22,2633,Tennessee Volunteers,TENN,FBS,Southeastern Conference,24,2,0,339,1-0
2025,regular,2,2,2,Week 2,2025-09-02,23,84,Indiana Hoosiers,IU,FBS,Big Ten Conference,20,-3,0,257,1-0
2025,regular,2,2,2,Week 2,2025-09-02,24,2641,Texas Tech Red Raiders,TTU,FBS,Big 12 Conference,23,-1,0,247,1-0
2025,regular,2,2,2,Week 2,2025-09-02,25,254,Utah Utes,UTAH,FBS,Big 12 Conference,,,0,227,1-0
2025,regular,3,3,3,Week 3,2025-09-07,1,194,Ohio State Buckeyes,OSU,FBS,Big Ten Conference,1,0,57,1614,2-0
2025,regular,3,3,3,Week 3,2025-09-07,2,213,Penn State Nittany Lions,PSU,FBS,Big Ten Conference,2,0,5,1524,2-0
2025,regular,3,3,3,Week 3,2025-09-07,3,99,LSU Tigers,LSU,FBS,Southeastern Conference,3,0,2,1487,2-0
2025,regular,3,3,3,Week 3,2025-09-07,4,2483,Oregon Ducks,ORE,FBS,Big Ten Conference,6,2,1,1375,2-0
2025,regular,3,3,3,Week 3,2025-09-07,5,2390,Miami Hurricanes,MIA,FBS,Atlantic Coast Conference,5,0,0,1360,2-0
2025,regular,3,3,3,Week 3,2025-09-07,6,61,Georgia Bulldogs,UGA,FBS,Southeastern Conference,4,-2,0,1350,2-0
2025,regular,3,3,3,Week 3,2025-09-07,7,251,Texas Longhorns,TEX,FBS,Southeastern Conference,7,0,0,1248,1-1
2025,regular,3,3,3,Week 3,2025-09-07,8,87,Notre Dame Fighting Irish,ND,FBS,FBS Independents,9,1,0,1086,0-1
2025,regular,3,3,3,Week 3,2025-09-07,9,356,Illinois Fighting Illini,ILL,FBS,Big Ten Conference,11,2,0,1001,2-0
2025,regular,3,3,3,Week 3,2025-09-07,10,52,Florida State Seminoles,FSU,FBS,Atlantic Coast Conference,14,4,0,954,2-0
2025,regular,3,3,3,Week 3,2025-09-07,11,2579,South Carolina Gamecocks,SC,FBS,Southeastern Conference,10,-1,0,927,2-0
2025,regular,3,3,3,Week 3,2025-09-07,12,228,Clemson Tigers,CLEM,FBS,Atlantic Coast Conference,8,-4,0,894,1-1
2025,regular,3,3,3,Week 3,2025-09-07,13,201,Oklahoma Sooners,OU,FBS,Southeastern Conference,18,5,0,893,2-0
2025,regular,3,3,3,Week 3,2025-09-07,14,66,Iowa State Cyclones,ISU,FBS,Big 12 Conference,16,2,0,794,3-0
2025,regular,3,3,3,Week 3,2025-09-07,15,2633,Tennessee Volunteers,TENN,FBS,Southeastern Conference,22,7,0,537,2-0
2025,regular,3,3,3,Week 3,2025-09-07,16,245,Texas A&M Aggies,TA&M,FBS,Southeastern Conference,19,3,0,532,2-0
2025,regular,3,3,3,Week 3,2025-09-07,17,145,Ole Miss Rebels,MISS,FBS,Southeastern Conference,20,3,0,518,2-0
2025,regular,3,3,3,Week 3,2025-09-07,18,58,South Florida Bulls,USF,FBS,American Conference,,,0,444,2-0
2025,regular,3,3,3,Week 3,2025-09-07,19,333,Alabama Crimson Tide,ALA,FBS,Southeastern Conference,21,2,0,396,1-1
2025,regular,3,3,3,Week 3,2025-09-07,20,254,Utah Utes,UTAH,FBS,Big 12 Conference,25,5,0,361,2-0
2025,regular,3,3,3,Week 3,2025-09-07,21,2641,Texas Tech Red Raiders,TTU,FBS,Big 12 Conference,24,3,0,347,2-0
2025,regular,3,3,3,Week 3,2025-09-07,22,84,Indiana Hoosiers,IU,FBS,Big Ten Conference,23,1,0,331,2-0
2025,regular,3,3,3,Week 3,2025-09-07,23,130,Michigan Wolverines,MICH,FBS,Big Ten Conference,15,-8,0,250,1-1
2025,regular,3,3,3,Week 3,2025-09-07,24,2,Auburn Tigers,AUB,FBS,Southeastern Conference,,,0,172,2-0
2025,regular,3,3,3,Week 3,2025-09-07,25,142,Missouri Tigers,MIZ,FBS,Southeastern Conference,,,0,109,2-0
2025,regular,4,4,4,Week 4,2025-09-14,1,194,Ohio State Buckeyes,OSU,FBS,Big Ten Conference,1,0,55,1631,3-0
2025,regular,4,4,4,Week 4,2025-09-14,2,213,Penn State Nittany Lions,PSU,FBS,Big Ten Conference,2,0,5,1490,3-0
2025,regular,4,4,4,Week 4,2025-09-14,3,99,LSU Tigers,LSU,FBS,Southeastern Conference,3,0,2,1470,3-0
2025,regular,4,4,4,Week 4,2025-09-14,4,2390,Miami Hurricanes,MIA,FBS,Atlantic Coast Conference,5,1,3,1434,3-0
2025,regular,4,4,4,Week 4,2025-09-14,5,61,Georgia Bulldogs,UGA,FBS,Southeastern Conference,6,1,0,1428,3-0
2025,regular,4,4,4,Week 4,2025-09-14,6,2483,Oregon Ducks,ORE,FBS,Big Ten Conference,4,-2,1,1423,3-0
2025,regular,4,4,4,Week 4,2025-09-14,7,52,Florida State Seminoles,FSU,FBS,Atlantic Coast Conference,10,3,0,1123,2-0
2025,regular,4,4,4,Week 4,2025-09-14,8,251,Texas Longhorns,TEX,FBS,Southeastern Conference,7,-1,0,1111,2-1
2025,regular,4,4,4,Week 4,2025-09-14,9,356,Illinois Fighting Illini,ILL,FBS,Big Ten Conference,9,0,0,1110,3-0
2025,regular,4,4,4,Week 4,2025-09-14,10,245,Texas A&M Aggies,TA&M,FBS,Southeastern Conference,16,6,0,1101,3-0
2025,regular,4,4,4,Week 4,2025-09-14,11,201,Oklahoma Sooners,OU,FBS,Southeastern Conference,13,2,0,1056,3-0
2025,regular,4,4,4,Week 4,2025-09-14,12,66,Iowa State Cyclones,ISU,FBS,Big 12 Conference,14,2,0,820,4-0
2025,regular,4,4,4,Week 4,2025-09-14,13,145,Ole Miss Rebels,MISS,FBS,Southeastern Conference,17,4,0,748,3-0
2025,regular,4,4,4,Week 4,2025-09-14,14,333,Alabama Crimson Tide,ALA,FBS,Southeastern Conference,19,5,0,599,2-1
2025,regular,4,4,4,Week 4,2025-09-14,15,2633,Tennessee Volunteers,TENN,FBS,Southeastern Conference,15,0,0,583,2-1
2025,regular,4,4,4,Week 4,2025-09-14,16,254,Utah Utes,UTAH,FBS,Big 12 Conference,20,4,0,573,3-0
2025,regular,4,4,4,Week 4,2025-09-14,17,2641,Texas Tech Red Raiders,TTU,FBS,Big 12 Conference,21,4,0,538,3-0
2025,regular,4,4,4,Week 4,2025-09-14,18,59,Georgia Tech Yellow Jackets,GT,FBS,Atlantic Coast Conference,,,0,511,3-0
2025,regular,4,4,4,Week 4,2025-09-14,19,84,Indiana Hoosiers,IU,FBS,Big Ten Conference,22,3,0,458,3-0
2025,regular,4,4,4,Week 4,2025-09-14,20,238,Vanderbilt Commodores,VAN,FBS,Southeastern Conference,,,0,397,3-0
2025,regular,4,4,4,Week 4,2025-09-14,21,130,Michigan Wolverines,MICH,FBS,Big Ten Conference,23,2,0,356,2-1
2025,regular,4,4,4,Week 4,2025-09-14,22,2,Auburn Tigers,AUB,FBS,Southeastern Conference,24,2,0,344,3-0
2025,regular,4,4,4,Week 4,2025-09-14,23,142,Missouri Tigers,MIZ,FBS,Southeastern Conference,25,2,0,292,3-0
2025,regular,4,4,4,Week 4,2025-09-14,24,87,Notre Dame Fighting Irish,ND,FBS,FBS Independents,8,-16,0,207,0-2
2025,regular,4,4,4,Week 4,2025-09-14,25,30,USC Trojans,USC,FBS,Big Ten Conference,,,0,105,3-0
2025,regular,5,5,5,Week 5,2025-09-21,1,194,Ohio State Buckeyes,OSU,FBS,Big Ten Conference,1,0,52,1629,3-0
2025,regular,5,5,5,Week 5,2025-09-21,2,2390,Miami Hurricanes,MIA,FBS,Atlantic Coast Conference,4,2,7,1479,4-0
2025,regular,5,5,5,Week 5,2025-09-21,3,213,Penn State Nittany Lions,PSU,FBS,Big Ten Conference,2,-1,5,1460,3-0
2025,regular,5,5,5,Week 5,2025-09-21,4,99,LSU Tigers,LSU,FBS,Southeastern Conference,3,-1,0,1433,4-0
2025,regular,5,5,5,Week 5,2025-09-21,5,61,Georgia Bulldogs,UGA,FBS,Southeastern Conference,5,0,0,1420,3-0
2025,regular,5,5,5,Week 5,2025-09-21,6,2483,Oregon Ducks,ORE,FBS,Big Ten Conference,6,0,1,1404,4-0
2025,regular,5,5,5,Week 5,2025-09-21,7,201,Oklahoma Sooners,OU,FBS,Southeastern Conference,11,4,1,1194,4-0
2025,regular,5,5,5,Week 5,2025-09-21,8,52,Florida State Seminoles,FSU,FBS,Atlantic Coast Conference,7,-1,0,1183,3-0
2025,regular,5,5,5,Week 5,2025-09-21,9,245,Texas A&M Aggies,TA&M,FBS,Southeastern Conference,10,1,0,1072,3-0
2025,regular,5,5,5,Week 5,2025-09-21,10,251,Texas Longhorns,TEX,FBS,Southeastern Conference,8,-2,0,1057,3-1
2025,regular,5,5,5,Week 5,2025-09-21,11,84,Indiana Hoosiers,IU,FBS,Big Ten Conference,19,8,0,990,4-0
2025,regular,5,5,5,Week 5,2025-09-21,12,2641,Texas Tech Red Raiders,TTU,FBS,Big 12 Conference,17,5,0,890,4-0
2025,regular,5,5,5,Week 5,2025-09-21,13,145,Ole Miss Rebels,MISS,FBS,Southeastern Conference,13,0,0,843,4-0
2025,regular,5,5,5,Week 5,2025-09-21,14,66,Iowa State Cyclones,ISU,FBS,Big 12 Conference,12,-2,0,779,4-0
2025,regular,5,5,5,Week 5,2025-09-21,15,2633,Tennessee Volunteers,TENN,FBS,Southeastern Conference,15,0,0,635,3-1
2025,regular,5,5,5,Week 5,2025-09-21,16,59,Georgia Tech Yellow Jackets,GT,FBS,Atlantic Coast Conference,18,2,0,598,4-0
2025,regular,5,5,5,Week 5,2025-09-21,17,333,Alabama Crimson Tide,ALA,FBS,Southeastern Conference,14,-3,0,595,2-1
2025,regular,5,5,5,Week 5,2025-09-21,18,238,Vanderbilt Commodores,VAN,FBS,Southeastern Conference,20,2,0,546,4-0
2025,regular,5,5,5,Week 5,2025-09-21,19,130,Michigan Wolverines,MICH,FBS,Big Ten Conference,21,2,0,458,3-1
2025,regular,5,5,5,Week 5,2025-09-21,20,142,Missouri Tigers,MIZ,FBS,Southeastern Conference,23,3,0,452,4-0
2025,regular,5,5,5,Week 5,2025-09-21,21,30,USC Trojans,USC,FBS,Big Ten Conference,25,4,0,264,4-0
2025,regular,5,5,5,Week 5,2025-09-21,22,87,Notre Dame Fighting Irish,ND,FBS,FBS Independents,24,2,0,219,1-2
2025,regular,5,5,5,Week 5,2025-09-21,23,356,Illinois Fighting Illini,ILL,FBS,Big Ten Conference,9,-14,0,145,3-1
2025,regular,5,5,5,Week 5,2025-09-21,24,2628,TCU Horned Frogs,TCU,FBS,Big 12 Conference,,,0,138,3-0
2025,regular,5,5,5,Week 5,2025-09-21,25,252,BYU Cougars,BYU,FBS,Big 12 Conference,,,0,131,3-0
2025,regular,6,6,6,Week 6,2025-09-28,1,194,Ohio State Buckeyes,OSU,FBS,Big Ten Conference,1,0,46,1626,4-0
2025,regular,6,6,6,Week 6,2025-09-28,2,2483,Oregon Ducks,ORE,FBS,Big Ten Conference,6,4,16,1589,5-0
2025,regular,6,6,6,Week 6,2025-09-28,3,2390,Miami Hurricanes,MIA,FBS,Atlantic Coast Conference,2,-1,4,1529,4-0
2025,regular,6,6,6,Week 6,2025-09-28,4,145,Ole Miss Rebels,MISS,FBS,Southeastern Conference,13,9,0,1354,5-0
2025,regular,6,6,6,Week 6,2025-09-28,5,201,Oklahoma Sooners,OU,FBS,Southeastern Conference,7,2,0,1313,4-0
2025,regular,6,6,6,Week 6,2025-09-28,6,245,Texas A&M Aggies,TA&M,FBS,Southeastern Conference,9,3,0,1308,4-0
2025,regular,6,6,6,Week 6,2025-09-28,7,213,Penn State Nittany Lions,PSU,FBS,Big Ten Conference,3,-4,0,1179,3-1
2025,regular,6,6,6,Week 6,2025-09-28,8,84,Indiana Hoosiers,IU,FBS,Big Ten Conference,11,3,0,1156,5-0
2025,regular,6,6,6,Week 6,2025-09-28,9,251,Texas Longhorns,TEX,FBS,Southeastern Conference,10,1,0,1071,3-1
2025,regular,6,6,6,Week 6,2025-09-28,10,333,Alabama Crimson Tide,ALA,FBS,Southeastern Conference,17,7,0,1057,3-1
2025,regular,6,6,6,Week 6,2025-09-28,11,2641,Texas Tech Red Raiders,TTU,FBS,Big 12 Conference,12,1,0,967,4-0
2025,regular,6,6,6,Week 6,2025-09-28,12,61,Georgia Bulldogs,UGA,FBS,Southeastern Conference,5,-7,0,965,3-1
2025,regular,6,6,6,Week 6,2025-09-28,13,99,LSU Tigers,LSU,FBS,Southeastern Conference,4,-9,0,838,4-1
2025,regular,6,6,6,Week 6,2025-09-28,14,66,Iowa State Cyclones,ISU,FBS,Big 12 Conference,14,0,0,830,5-0
2025,regular,6,6,6,Week 6,2025-09-28,15,2633,Tennessee Volunteers,TENN,FBS,Southeastern Conference,15,0,0,697,4-1
2025,regular,6,6,6,Week 6,2025-09-28,16,238,Vanderbilt Commodores,VAN,FBS,Southeastern Conference,18,2,0,640,5-0
2025,regular,6,6,6,Week 6,2025-09-28,17,59,Georgia Tech Yellow Jackets,GT,FBS,Atlantic Coast Conference,16,-1,0,549,5-0
2025,regular,6,6,6,Week 6,2025-09-28,18,52,Florida State Seminoles,FSU,FBS,Atlantic Coast Conference,8,-10,0,535,3-1
2025,regular,6,6,6,Week 6,2025-09-28,19,142,Missouri Tigers,MIZ,FBS,Southeastern Conference,20,1,0,528,5-0
2025,regular,6,6,6,Week 6,2025-09-28,20,130,Michigan Wolverines,MICH,FBS,Big Ten Conference,19,-1,0,422,3-1
2025,regular,6,6,6,Week 6,2025-09-28,21,87,Notre Dame Fighting Irish,ND,FBS,FBS Independents,22,1,0,333,2-2
2025,regular,6,6,6,Week 6,2025-09-28,22,356,Illinois Fighting Illini,ILL,FBS,Big Ten Conference,23,1,0,271,4-1
2025,regular,6,6,6,Week 6,2025-09-28,23,252,BYU Cougars,BYU,FBS,Big 12 Conference,25,2,0,191,4-0
2025,regular,6,6,6,Week 6,2025-09-28,24,258,Virginia Cavaliers,UVA,FBS,Atlantic Coast Conference,,,0,125,4-1
2025,regular,6,6,6,Week 6,2025-09-28,25,9,Arizona State Sun Devils,ASU,FBS,Big 12 Conference,,,0,107,4-1
2025,regular,7,7,7,Week 7,2025-10-05,1,194,Ohio State Buckeyes,OSU,FBS,Big Ten Conference,1,0,40,1620,5-0
2025,regular,7,7,7,Week 7,2025-10-05,2,2390,Miami Hurricanes,MIA,FBS,Atlantic Coast Conference,3,1,21,1579,5-0
2025,regular,7,7,7,Week 7,2025-10-05,3,2483,Oregon Ducks,ORE,FBS,Big Ten Conference,2,-1,5,1542,5-0
2025,regular,7,7,7,Week 7,2025-10-05,4,145,Ole Miss Rebels,MISS,FBS,Southeastern Conference,4,0,0,1376,5-0
2025,regular,7,7,7,Week 7,2025-10-05,5,245,Texas A&M Aggies,TA&M,FBS,Southeastern Conference,6,1,0,1361,5-0
2025,regular,7,7,7,Week 7,2025-10-05,6,201,Oklahoma Sooners,OU,FBS,Southeastern Conference,5,-1,0,1346,5-0
2025,regular,7,7,7,Week 7,2025-10-05,7,84,Indiana Hoosiers,IU,FBS,Big Ten Conference,8,1,0,1213,5-0
2025,regular,7,7,7,Week 7,2025-10-05,8,333,Alabama Crimson Tide,ALA,FBS,Southeastern Conference,10,2,0,1202,4-1
2025,regular,7,7,7,Week 7,2025-10-05,9,2641,Texas Tech Red Raiders,TTU,FBS,Big 12 Conference,11,2,0,1135,5-0
2025,regular,7,7,7,Week 7,2025-10-05,10,61,Georgia Bulldogs,UGA,FBS,Southeastern Conference,12,2,0,1084,4-1
2025,regular,7,7,7,Week 7,2025-10-05,11,99,LSU Tigers,LSU,FBS,Southeastern Conference,13,2,0,949,4-1
2025,regular,7,7,7,Week 7,2025-10-05,12,2633,Tennessee Volunteers,TENN,FBS,Southeastern Conference,15,3,0,892,4-1
2025,regular,7,7,7,Week 7,2025-10-05,13,59,Georgia Tech Yellow Jackets,GT,FBS,Atlantic Coast Conference,17,4,0,782,5-0
2025,regular,7,7,7,Week 7,2025-10-05,14,142,Missouri Tigers,MIZ,FBS,Southeastern Conference,19,5,0,775,5-0
2025,regular,7,7,7,Week 7,2025-10-05,15,130,Michigan Wolverines,MICH,FBS,Big Ten Conference,20,5,0,707,4-1
2025,regular,7,7,7,Week 7,2025-10-05,16,87,Notre Dame Fighting Irish,ND,FBS,FBS Independents,21,5,0,610,3-2
2025,regular,7,7,7,Week 7,2025-10-05,17,356,Illinois Fighting Illini,ILL,FBS,Big Ten Conference,22,5,0,522,5-1
2025,regular,7,7,7,Week 7,2025-10-05,18,252,BYU Cougars,BYU,FBS,Big 12 Conference,23,5,0,463,5-0
2025,regular,7,7,7,Week 7,2025-10-05,19,258,Virginia Cavaliers,UVA,FBS,Atlantic Coast Conference,24,5,0,452,5-1
2025,regular,7,7,7,Week 7,2025-10-05,20,238,Vanderbilt Commodores,VAN,FBS,Southeastern Conference,16,-4,0,407,5-1
2025,regular,7,7,7,Week 7,2025-10-05,21,9,Arizona State Sun Devils,ASU,FBS,Big 12 Conference,25,4,0,214,4-1
2025,regular,7,7,7,Week 7,2025-10-05,22,66,Iowa State Cyclones,ISU,FBS,Big 12 Conference,14,-8,0,165,5-1
2025,regular,7,7,7,Week 7,2025-10-05,23,235,Memphis Tigers,MEM,FBS,American Conference,,,0,153,6-0
2025,regular,7,7,7,Week 7,2025-10-05,24,58,South Florida Bulls,USF,FBS,American Conference,,,0,150,4-1
2025,regular,7,7,7,Week 7,2025-10-05,25,52,Florida State Seminoles,FSU,FBS,Atlantic Coast Conference,18,-7,0,147,3-2
2025,regular,8,8,8,Week 8,2025-10-12,1,194,Ohio State Buckeyes,OSU,FBS,Big Ten Conference,1,0,50,1631,6-0
2025,regular,8,8,8,Week 8,2025-10-12,2,2390,Miami Hurricanes,MIA,FBS,Atlantic Coast Conference,2,0,13,1582,5-0
2025,regular,8,8,8,Week 8,2025-10-12,3,84,Indiana Hoosiers,IU,FBS,Big Ten Conference,7,4,3,1531,6-0
2025,regular,8,8,8,Week 8,2025-10-12,4,245,Texas A&M Aggies,TA&M,FBS,Southeastern Conference,5,1,0,1433,6-0
2025,regular,8,8,8,Week 8,2025-10-12,5,145,Ole Miss Rebels,MISS,FBS,Southeastern Conference,4,-1,0,1331,6-0
2025,regular,8,8,8,Week 8,2025-10-12,6,333,Alabama Crimson Tide,ALA,FBS,Southeastern Conference,8,2,0,1315,5-1
2025,regular,8,8,8,Week 8,2025-10-12,7,2641,Texas Tech Red Raiders,TTU,FBS,Big 12 Conference,9,2,0,1266,6-0
2025,regular,8,8,8,Week 8,2025-10-12,8,2483,Oregon Ducks,ORE,FBS,Big Ten Conference,3,-5,0,1175,5-1
2025,regular,8,8,8,Week 8,2025-10-12,9,61,Georgia Bulldogs,UGA,FBS,Southeastern Conference,10,1,0,1148,5-1
2025,regular,8,8,8,Week 8,2025-10-12,10,99,LSU Tigers,LSU,FBS,Southeastern Conference,11,1,0,1012,5-1
2025,regular,8,8,8,Week 8,2025-10-12,11,2633,Tennessee Volunteers,TENN,FBS,Southeastern Conference,12,1,0,939,5-1
2025,regular,8,8,8,Week 8,2025-10-12,12,59,Georgia Tech Yellow Jackets,GT,FBS,Atlantic Coast Conference,13,1,0,904,6-0
2025,regular,8,8,8,Week 8,2025-10-12,13,87,Notre Dame Fighting Irish,ND,FBS,FBS Independents,16,3,0,793,4-2
2025,regular,8,8,8,Week 8,2025-10-12,14,201,Oklahoma Sooners,OU,FBS,Southeastern Conference,6,-8,0,786,5-1
2025,regular,8,8,8,Week 8,2025-10-12,15,252,BYU Cougars,BYU,FBS,Big 12 Conference,18,3,0,655,6-0
2025,regular,8,8,8,Week 8,2025-10-12,16,142,Missouri Tigers,MIZ,FBS,Southeastern Conference,14,-2,0,649,5-1
2025,regular,8,8,8,Week 8,2025-10-12,17,238,Vanderbilt Commodores,VAN,FBS,Southeastern Conference,20,3,0,547,5-1
2025,regular,8,8,8,Week 8,2025-10-12,18,258,Virginia Cavaliers,UVA,FBS,Atlantic Coast Conference,19,1,0,521,5-1
2025,regular,8,8,8,Week 8,2025-10-12,19,58,South Florida Bulls,USF,FBS,American Conference,24,5,0,398,5-1
2025,regular,8,8,8,Week 8,2025-10-12,20,30,USC Trojans,USC,FBS,Big Ten Conference,,,0,361,5-1
2025,regular,8,8,8,Week 8,2025-10-12,21,251,Texas Longhorns,TEX,FBS,Southeastern Conference,,,0,319,4-2
2025,regular,8,8,8,Week 8,2025-10-12,22,235,Memphis Tigers,MEM,FBS,American Conference,23,1,0,285,6-0
2025,regular,8,8,8,Week 8,2025-10-12,23,254,Utah Utes,UTAH,FBS,Big 12 Conference,,,0,261,5-1
2025,regular,8,8,8,Week 8,2025-10-12,24,2132,Cincinnati Bearcats,CIN,FBS,Big 12 Conference,,,0,184,5-1
2025,regular,8,8,8,Week 8,2025-10-12,25,158,Nebraska Cornhuskers,NEB,FBS,Big Ten Conference,,,0,149,5-1
2025,regular,9,9,9,Week 9,2025-10-19,1,194,Ohio State Buckeyes,OSU,FBS,Big Ten Conference,1,0,60,1643,7-0
2025,regular,9,9,9,Week 9,2025-10-19,2,84,Indiana Hoosiers,IU,FBS,Big Ten Conference,3,1,6,1583,7-0
2025,regular,9,9,9,Week 9,2025-10-19,3,245,Texas A&M Aggies,TA&M,FBS,Southeastern Conference,4,1,0,1499,7-0
2025,regular,9,9,9,Week 9,2025-10-19,4,333,Alabama Crimson Tide,ALA,FBS,Southeastern Conference,6,2,0,1463,6-1
2025,regular,9,9,9,Week 9,2025-10-19,5,61,Georgia Bulldogs,UGA,FBS,Southeastern Conference,9,4,0,1360,6-1
2025,regular,9,9,9,Week 9,2025-10-19,6,2483,Oregon Ducks,ORE,FBS,Big Ten Conference,8,2,0,1317,6-1
2025,regular,9,9,9,Week 9,2025-10-19,7,59,Georgia Tech Yellow Jackets,GT,FBS,Atlantic Coast Conference,12,5,0,1143,7-0
2025,regular,9,9,9,Week 9,2025-10-19,8,145,Ole Miss Rebels,MISS,FBS,Southeastern Conference,5,-3,0,1119,6-1
2025,regular,9,9,9,Week 9,2025-10-19,9,2390,Miami Hurricanes,MIA,FBS,Atlantic Coast Conference,2,-7,0,1073,5-1
2025,regular,9,9,9,Week 9,2025-10-19,10,238,Vanderbilt Commodores,VAN,FBS,Southeastern Conference,17,7,0,1031,6-1
2025,regular,9,9,9,Week 9,2025-10-19,11,252,BYU Cougars,BYU,FBS,Big 12 Conference,15,4,0,975,7-0
2025,regular,9,9,9,Week 9,2025-10-19,12,87,Notre Dame Fighting Irish,ND,FBS,FBS Independents,13,1,0,964,5-2
2025,regular,9,9,9,Week 9,2025-10-19,13,201,Oklahoma Sooners,OU,FBS,Southeastern Conference,14,1,0,882,6-1
2025,regular,9,9,9,Week 9,2025-10-19,14,2641,Texas Tech Red Raiders,TTU,FBS,Big 12 Conference,7,-7,0,782,6-1
2025,regular,9,9,9,Week 9,2025-10-19,15,142,Missouri Tigers,MIZ,FBS,Southeastern Conference,16,1,0,748,6-1
2025,regular,9,9,9,Week 9,2025-10-19,16,258,Virginia Cavaliers,UVA,FBS,Atlantic Coast Conference,18,2,0,624,6-1
2025,regular,9,9,9,Week 9,2025-10-19,17,2633,Tennessee Volunteers,TENN,FBS,Southeastern Conference,11,-6,0,527,5-2
2025,regular,9,9,9,Week 9,2025-10-19,18,58,South Florida Bulls,USF,FBS,American Conference,19,1,0,501,6-1
2025,regular,9,9,9,Week 9,2025-10-19,19,97,Louisville Cardinals,LOU,FBS,Atlantic Coast Conference,,,0,458,5-1
2025,regular,9,9,9,Week 9,2025-10-19,20,99,LSU Tigers,LSU,FBS,Southeastern Conference,10,-10,0,388,5-2
2025,regular,9,9,9,Week 9,2025-10-19,21,2132,Cincinnati Bearcats,CIN,FBS,Big 12 Conference,24,3,0,350,6-1
2025,regular,9,9,9,Week 9,2025-10-19,22,251,Texas Longhorns,TEX,FBS,Southeastern Conference,21,-1,0,318,5-2
2025,regular,9,9,9,Week 9,2025-10-19,23,356,Illinois Fighting Illini,ILL,FBS,Big Ten Conference,,,0,168,5-2
2025,regular,9,9,9,Week 9,2025-10-19,24,9,Arizona State Sun Devils,ASU,FBS,Big 12 Conference,,,0,155,5-2
2025,regular,9,9,9,Week 9,2025-10-19,25,130,Michigan Wolverines,MICH,FBS,Big Ten Conference,,,0,123,5-2
2025,regular,10,10,10,Week 10,2025-10-26,1,194,Ohio State Buckeyes,OSU,FBS,Big Ten Conference,1,0,54,1633,7-0
2025,regular,10,10,10,Week 10,2025-10-26,2,84,Indiana Hoosiers,IU,FBS,Big Ten Conference,2,0,11,1589,8-0
2025,regular,10,10,10,Week 10,2025-10-26,3,245,Texas A&M Aggies,TA&M,FBS,Southeastern Conference,3,0,1,1523,8-0
2025,regular,10,10,10,Week 10,2025-10-26,4,333,Alabama Crimson Tide,ALA,FBS,Southeastern Conference,4,0,0,1445,7-1
2025,regular,10,10,10,Week 10,2025-10-26,5,61,Georgia Bulldogs,UGA,FBS,Southeastern Conference,5,0,0,1359,6-1
2025,regular,10,10,10,Week 10,2025-10-26,6,2483,Oregon Ducks,ORE,FBS,Big Ten Conference,6,0,0,1249,7-1
2025,regular,10,10,10,Week 10,2025-10-26,7,145,Ole Miss Rebels,MISS,FBS,Southeastern Conference,8,1,0,1212,7-1
2025,regular,10,10,10,Week 10,2025-10-26,8,59,Georgia Tech Yellow Jackets,GT,FBS,Atlantic Coast Conference,7,-1,0,1172,8-0
2025,regular,10,10,10,Week 10,2025-10-26,9,238,Vanderbilt Commodores,VAN,FBS,Southeastern Conference,10,1,0,1098,7-1
2025,regular,10,10,10,Week 10,2025-10-26,10,252,BYU Cougars,BYU,FBS,Big 12 Conference,11,1,0,1069,8-0
2025,regular,10,10,10,Week 10,2025-10-26,10,2390,Miami Hurricanes,MIA,FBS,Atlantic Coast Conference,9,-1,0,1069,6-1
2025,regular,10,10,10,Week 10,2025-10-26,12,87,Notre Dame Fighting Irish,ND,FBS,FBS Independents,12,0,0,944,5-2
2025,regular,10,10,10,Week 10,2025-10-26,13,2641,Texas Tech Red Raiders,TTU,FBS,Big 12 Conference,14,1,0,876,7-1
2025,regular,10,10,10,Week 10,2025-10-26,14,2633,Tennessee Volunteers,TENN,FBS,Southeastern Conference,17,3,0,684,6-2
2025,regular,10,10,10,Week 10,2025-10-26,15,258,Virginia Cavaliers,UVA,FBS,Atlantic Coast Conference,16,1,0,660,7-1
2025,regular,10,10,10,Week 10,2025-10-26,16,97,Louisville Cardinals,LOU,FBS,Atlantic Coast Conference,19,3,0,647,6-1
2025,regular,10,10,10,Week 10,2025-10-26,17,2132,Cincinnati Bearcats,CIN,FBS,Big 12 Conference,21,4,0,609,7-1
2025,regular,10,10,10,Week 10,2025-10-26,18,201,Oklahoma Sooners,OU,FBS,Southeastern Conference,13,-5,0,485,6-2
2025,regular,10,10,10,Week 10,2025-10-26,19,142,Missouri Tigers,MIZ,FBS,Southeastern Conference,15,-4,0,447,6-2
2025,regular,10,10,10,Week 10,2025-10-26,20,251,Texas Longhorns,TEX,FBS,Southeastern Conference,22,2,0,371,6-2
2025,regular,10,10,10,Week 10,2025-10-26,21,130,Michigan Wolverines,MICH,FBS,Big Ten Conference,25,4,0,264,6-2
2025,regular,10,10,10,Week 10,2025-10-26,22,248,Houston Cougars,HOU,FBS,Big 12 Conference,,,0,256,7-1
2025,regular,10,10,10,Week 10,2025-10-26,23,30,USC Trojans,USC,FBS,Big Ten Conference,,,0,215,5-2
2025,regular,10,10,10,Week 10,2025-10-26,24,254,Utah Utes,UTAH,FBS,Big 12 Conference,,,0,162,6-2
2025,regular,10,10,10,Week 10,2025-10-26,25,235,Memphis Tigers,MEM,FBS,American Conference,,,0,130,7-1
2025,regular,11,11,11,Week 11,2025-11-02,1,194,Ohio State Buckeyes,OSU,FBS,Big Ten Conference,1,0,54,1633,8-0
2025,regular,11,11,11,Week 11,2025-11-02,2,84,Indiana Hoosiers,IU,FBS,Big Ten Conference,2,0,11,1591,9-0
2025,regular,11,11,11,Week 11,2025-11-02,3,245,Texas A&M Aggies,TA&M,FBS,Southeastern Conference,3,0,1,1523,8-0
2025,regular,11,11,11,Week 11,2025-11-02,4,333,Alabama Crimson Tide,ALA,FBS,Southeastern Conference,4,0,0,1447,7-1
2025,regular,11,11,11,Week 11,2025-11-02,5,61,Georgia Bulldogs,UGA,FBS,Southeastern Conference,5,0,0,1364,7-1
2025,regular,11,11,11,Week 11,2025-11-02,6,2483,Oregon Ducks,ORE,FBS,Big Ten Conference,6,0,0,1293,7-1
2025,regular,11,11,11,Week 11,2025-11-02,7,145,Ole Miss Rebels,MISS,FBS,Southeastern Conference,7,0,0,1263,8-1
2025,regular,11,11,11,Week 11,2025-11-02,8,252,BYU Cougars,BYU,FBS,Big 12 Conference,10,2,0,1207,8-0
2025,regular,11,11,11,Week 11,2025-11-02,9,2641,Texas Tech Red Raiders,TTU,FBS,Big 12 Conference,13,4,0,1091,8-1
2025,regular,11,11,11,Week 11,2025-11-02,10,87,Notre Dame Fighting Irish,ND,FBS,FBS Independents,12,2,0,1071,6-2
2025,regular,11,11,11,Week 11,2025-11-02,11,201,Oklahoma Sooners,OU,FBS,Southeastern Conference,18,7,0,850,7-2
2025,regular,11,11,11,Week 11,2025-11-02,12,258,Virginia Cavaliers,UVA,FBS,Atlantic Coast Conference,15,3,0,838,8-1
2025,regular,11,11,11,Week 11,2025-11-02,13,251,Texas Longhorns,TEX,FBS,Southeastern Conference,20,7,0,835,7-2
2025,regular,11,11,11,Week 11,2025-11-02,14,97,Louisville Cardinals,LOU,FBS,Atlantic Coast Conference,16,2,0,827,7-1
2025,regular,11,11,11,Week 11,2025-11-02,15,238,Vanderbilt Commodores,VAN,FBS,Southeastern Conference,9,-6,0,698,7-2
2025,regular,11,11,11,Week 11,2025-11-02,16,59,Georgia Tech Yellow Jackets,GT,FBS,Atlantic Coast Conference,8,-8,0,667,8-1
2025,regular,11,11,11,Week 11,2025-11-02,17,254,Utah Utes,UTAH,FBS,Big 12 Conference,24,7,0,560,7-2
2025,regular,11,11,11,Week 11,2025-11-02,18,2390,Miami Hurricanes,MIA,FBS,Atlantic Coast Conference,10,-8,0,558,6-2
2025,regular,11,11,11,Week 11,2025-11-02,19,142,Missouri Tigers,MIZ,FBS,Southeastern Conference,19,0,0,491,6-2
2025,regular,11,11,11,Week 11,2025-11-02,20,30,USC Trojans,USC,FBS,Big Ten Conference,23,3,0,453,6-2
2025,regular,11,11,11,Week 11,2025-11-02,21,130,Michigan Wolverines,MICH,FBS,Big Ten Conference,21,0,0,344,7-2
2025,regular,11,11,11,Week 11,2025-11-02,22,235,Memphis Tigers,MEM,FBS,American Conference,25,3,0,224,8-1
2025,regular,11,11,11,Week 11,2025-11-02,23,2633,Tennessee Volunteers,TENN,FBS,Southeastern Conference,14,-9,0,171,6-3
2025,regular,11,11,11,Week 11,2025-11-02,24,264,Washington Huskies,WASH,FBS,Big Ten Conference,,,0,110,6-2
2025,regular,11,11,11,Week 11,2025-11-02,25,2132,Cincinnati Bearcats,CIN,FBS,Big 12 Conference,17,-8,0,77,7-2
2025,regular,12,12,12,Week 12,2025-11-09,1,194,Ohio State Buckeyes,OSU,FBS,Big Ten Conference,1,0,55,1610,9-0
2025,regular,12,12,12,Week 12,2025-11-09,2,84,Indiana Hoosiers,IU,FBS,Big Ten Conference,2,0,6,1549,10-0
2025,regular,12,12,12,Week 12,2025-11-09,3,245,Texas A&M Aggies,TA&M,FBS,Southeastern Conference,3,0,4,1518,9-0
2025,regular,12,12,12,Week 12,2025-11-09,4,333,Alabama Crimson Tide,ALA,FBS,Southeastern Conference,4,0,0,1427,8-1
2025,regular,12,12,12,Week 12,2025-11-09,5,61,Georgia Bulldogs,UGA,FBS,Southeastern Conference,5,0,0,1353,8-1
2025,regular,12,12,12,Week 12,2025-11-09,6,145,Ole Miss Rebels,MISS,FBS,Southeastern Conference,7,1,0,1248,9-1
2025,regular,12,12,12,Week 12,2025-11-09,7,2483,Oregon Ducks,ORE,FBS,Big Ten Conference,6,-1,0,1245,8-1
2025,regular,12,12,12,Week 12,2025-11-09,8,2641,Texas Tech Red Raiders,TTU,FBS,Big 12 Conference,9,1,0,1211,9-1
2025,regular,12,12,12,Week 12,2025-11-09,9,87,Notre Dame Fighting Irish,ND,FBS,FBS Independents,10,1,0,1102,7-2
2025,regular,12,12,12,Week 12,2025-11-09,10,251,Texas Longhorns,TEX,FBS,Southeastern Conference,13,3,0,961,7-2
2025,regular,12,12,12,Week 12,2025-11-09,11,201,Oklahoma Sooners,OU,FBS,Southeastern Conference,11,0,0,928,7-2
2025,regular,12,12,12,Week 12,2025-11-09,12,252,BYU Cougars,BYU,FBS,Big 12 Conference,8,-4,0,898,8-1
2025,regular,12,12,12,Week 12,2025-11-09,13,238,Vanderbilt Commodores,VAN,FBS,Southeastern Conference,15,2,0,821,8-2
2025,regular,12,12,12,Week 12,2025-11-09,14,59,Georgia Tech Yellow Jackets,GT,FBS,Atlantic Coast Conference,16,2,0,788,8-1
2025,regular,12,12,12,Week 12,2025-11-09,15,254,Utah Utes,UTAH,FBS,Big 12 Conference,17,2,0,695,7-2
2025,regular,12,12,12,Week 12,2025-11-09,16,2390,Miami Hurricanes,MIA,FBS,Atlantic Coast Conference,18,2,0,683,7-2
2025,regular,12,12,12,Week 12,2025-11-09,17,30,USC Trojans,USC,FBS,Big Ten Conference,20,3,0,645,7-2
2025,regular,12,12,12,Week 12,2025-11-09,18,130,Michigan Wolverines,MICH,FBS,Big Ten Conference,21,3,0,498,7-2
2025,regular,12,12,12,Week 12,2025-11-09,19,97,Louisville Cardinals,LOU,FBS,Atlantic Coast Conference,14,-5,0,326,7-2
2025,regular,12,12,12,Week 12,2025-11-09,20,258,Virginia Cavaliers,UVA,FBS,Atlantic Coast Conference,12,-8,0,313,8-2
2025,regular,12,12,12,Week 12,2025-11-09,21,2633,Tennessee Volunteers,TENN,FBS,Southeastern Conference,23,2,0,276,6-3
2025,regular,12,12,12,Week 12,2025-11-09,22,2132,Cincinnati Bearcats,CIN,FBS,Big 12 Conference,25,3,0,224,7-2
2025,regular,12,12,12,Week 12,2025-11-09,23,221,Pittsburgh Panthers,PITT,FBS,Atlantic Coast Conference,,,0,201,7-2
2025,regular,12,12,12,Week 12,2025-11-09,24,256,James Madison Dukes,JMU,FBS,Sun Belt Conference,,,0,167,8-1
2025,regular,12,12,12,Week 12,2025-11-09,25,58,South Florida Bulls,USF,FBS,American Conference,,,0,116,7-2
2025,regular,13,13,13,Week 13,2025-11-16,1,194,Ohio State Buckeyes,OSU,FBS,Big Ten Conference,1,0,57,1639,10-0
2025,regular,13,13,13,Week 13,2025-11-16,2,84,Indiana Hoosiers,IU,FBS,Big Ten Conference,2,0,8,1588,11-0
2025,regular,13,13,13,Week 13,2025-11-16,3,245,Texas A&M Aggies,TA&M,FBS,Southeastern Conference,3,0,1,1520,10-0
2025,regular,13,13,13,Week 13,2025-11-16,4,61,Georgia Bulldogs,UGA,FBS,Southeastern Conference,5,1,0,1447,9-1
2025,regular,13,13,13,Week 13,2025-11-16,5,145,Ole Miss Rebels,MISS,FBS,Southeastern Conference,6,1,0,1331,10-1
2025,regular,13,13,13,Week 13,2025-11-16,6,2483,Oregon Ducks,ORE,FBS,Big Ten Conference,7,1,0,1299,9-1
2025,regular,13,13,13,Week 13,2025-11-16,6,2641,Texas Tech Red Raiders,TTU,FBS,Big 12 Conference,8,2,0,1299,10-1
2025,regular,13,13,13,Week 13,2025-11-16,8,201,Oklahoma Sooners,OU,FBS,Southeastern Conference,11,3,0,1162,8-2
2025,regular,13,13,13,Week 13,2025-11-16,9,87,Notre Dame Fighting Irish,ND,FBS,FBS Independents,9,0,0,1130,8-2
2025,regular,13,13,13,Week 13,2025-11-16,10,333,Alabama Crimson Tide,ALA,FBS,Southeastern Conference,4,-6,0,1062,8-2
2025,regular,13,13,13,Week 13,2025-11-16,11,252,BYU Cougars,BYU,FBS,Big 12 Conference,12,1,0,992,9-1
2025,regular,13,13,13,Week 13,2025-11-16,12,238,Vanderbilt Commodores,VAN,FBS,Southeastern Conference,13,1,0,833,8-2
2025,regular,13,13,13,Week 13,2025-11-16,13,254,Utah Utes,UTAH,FBS,Big 12 Conference,15,2,0,795,8-2
2025,regular,13,13,13,Week 13,2025-11-16,14,2390,Miami Hurricanes,MIA,FBS,Atlantic Coast Conference,16,2,0,773,8-2
2025,regular,13,13,13,Week 13,2025-11-16,15,59,Georgia Tech Yellow Jackets,GT,FBS,Atlantic Coast Conference,14,-1,0,768,9-1
2025,regular,13,13,13,Week 13,2025-11-16,16,30,USC Trojans,USC,FBS,Big Ten Conference,17,1,0,707,8-2
2025,regular,13,13,13,Week 13,2025-11-16,17,251,Texas Longhorns,TEX,FBS,Southeastern Conference,10,-7,0,564,7-3
2025,regular,13,13,13,Week 13,2025-11-16,18,130,Michigan Wolverines,MICH,FBS,Big Ten Conference,18,0,0,547,8-2
2025,regular,13,13,13,Week 13,2025-11-16,19,258,Virginia Cavaliers,UVA,FBS,Atlantic Coast Conference,20,1,0,476,9-2
2025,regular,13,13,13,Week 13,2025-11-16,20,2633,Tennessee Volunteers,TENN,FBS,Southeastern Conference,21,1,0,360,7-3
2025,regular,13,13,13,Week 13,2025-11-16,21,256,James Madison Dukes,JMU,FBS,Sun Belt Conference,24,3,0,294,9-1
2025,regular,13,13,13,Week 13,2025-11-16,22,249,North Texas Mean Green,UNT,FBS,American Conference,,,0,186,9-1
2025,regular,13,13,13,Week 13,2025-11-16,23,142,Missouri Tigers,MIZ,FBS,Southeastern Conference,,,0,173,7-3
2025,regular,13,13,13,Week 13,2025-11-16,24,2655,Tulane Green Wave,TULN,FBS,American Conference,,,0,167,8-2
2025,regular,13,13,13,Week 13,2025-11-16,25,248,Houston Cougars,HOU,FBS,Big 12 Conference,,,0,107,8-2
2025,regular,14,14,14,Week 14,2025-11-23,1,194,Ohio State Buckeyes,OSU,FBS,Big Ten Conference,1,0,58,1640,11-0
2025,regular,14,14,14,Week 14,2025-11-23,2,84,Indiana Hoosiers,IU,FBS,Big Ten Conference,2,0,7,1587,11-0
2025,regular,14,14,14,Week 14,2025-11-23,3,245,Texas A&M Aggies,TA&M,FBS,Southeastern Conference,3,0,1,1522,11-0
2025,regular,14,14,14,Week 14,2025-11-23,4,61,Georgia Bulldogs,UGA,FBS,Southeastern Conference,4,0,0,1444,10-1
2025,regular,14,14,14,Week 14,2025-11-23,5,2483,Oregon Ducks,ORE,FBS,Big Ten Conference,6,1,0,1326,10-1
2025,regular,14,14,14,Week 14,2025-11-23,6,145,Ole Miss Rebels,MISS,FBS,Southeastern Conference,5,-1,0,1320,10-1
2025,regular,14,14,14,Week 14,2025-11-23,7,2641,Texas Tech Red Raiders,TTU,FBS,Big 12 Conference,6,-1,0,1295,10-1
2025,regular,14,14,14,Week 14,2025-11-23,8,201,Oklahoma Sooners,OU,FBS,Southeastern Conference,8,0,0,1169,9-2
2025,regular,14,14,14,Week 14,2025-11-23,9,87,Notre Dame Fighting Irish,ND,FBS,FBS Independents,9,0,0,1117,9-2
2025,regular,14,14,14,Week 14,2025-11-23,10,333,Alabama Crimson Tide,ALA,FBS,Southeastern Conference,10,0,0,1056,9-2
2025,regular,14,14,14,Week 14,2025-11-23,11,252,BYU Cougars,BYU,FBS,Big 12 Conference,11,0,0,1014,10-1
2025,regular,14,14,14,Week 14,2025-11-23,12,238,Vanderbilt Commodores,VAN,FBS,Southeastern Conference,12,0,0,876,9-2
2025,regular,14,14,14,Week 14,2025-11-23,13,2390,Miami Hurricanes,MIA,FBS,Atlantic Coast Conference,14,1,0,849,9-2
2025,regular,14,14,14,Week 14,2025-11-23,14,254,Utah Utes,UTAH,FBS,Big 12 Conference,13,-1,0,809,9-2
2025,regular,14,14,14,Week 14,2025-11-23,15,130,Michigan Wolverines,MICH,FBS,Big Ten Conference,18,3,0,664,9-2
2025,regular,14,14,14,Week 14,2025-11-23,16,251,Texas Longhorns,TEX,FBS,Southeastern Conference,17,1,0,646,8-3
2025,regular,14,14,14,Week 14,2025-11-23,17,258,Virginia Cavaliers,UVA,FBS,Atlantic Coast Conference,19,2,0,556,9-2
2025,regular,14,14,14,Week 14,2025-11-23,18,2633,Tennessee Volunteers,TENN,FBS,Southeastern Conference,20,2,0,473,8-3
2025,regular,14,14,14,Week 14,2025-11-23,19,30,USC Trojans,USC,FBS,Big Ten Conference,16,-3,0,464,8-3
2025,regular,14,14,14,Week 14,2025-11-23,20,256,James Madison Dukes,JMU,FBS,Sun Belt Conference,21,1,0,331,10-1
2025,regular,14,14,14,Week 14,2025-11-23,21,249,North Texas Mean Green,UNT,FBS,American Conference,22,1,0,288,10-1
2025,regular,14,14,14,Week 14,2025-11-23,22,2655,Tulane Green Wave,TULN,FBS,American Conference,24,2,0,255,9-2
2025,regular,14,14,14,Week 14,2025-11-23,23,59,Georgia Tech Yellow Jackets,GT,FBS,Atlantic Coast Conference,15,-8,0,228,9-2
2025,regular,14,14,14,Week 14,2025-11-23,24,221,Pittsburgh Panthers,PITT,FBS,Atlantic Coast Conference,,,0,174,8-3
2025,regular,14,14,14,Week 14,2025-11-23,25,2567,SMU Mustangs,SMU,FBS,Atlantic Coast Conference,,,0,121,8-3
2025,regular,15,15,15,Week 15,2025-11-30,1,194,Ohio State Buckeyes,OSU,FBS,Big Ten Conference,1,0,61,1645,12-0
2025,regular,15,15,15,Week 15,2025-11-30,2,84,Indiana Hoosiers,IU,FBS,Big Ten Conference,2,0,5,1589,12-0
2025,regular,15,15,15,Week 15,2025-11-30,3,61,Georgia Bulldogs,UGA,FBS,Southeastern Conference,4,1,0,1504,11-1
2025,regular,15,15,15,Week 15,2025-11-30,4,2483,Oregon Ducks,ORE,FBS,Big Ten Conference,5,1,0,1396,11-1
2025,regular,15,15,15,Week 15,2025-11-30,5,2641,Texas Tech Red Raiders,TTU,FBS,Big 12 Conference,7,2,0,1366,11-1
2025,regular,15,15,15,Week 15,2025-11-30,6,145,Ole Miss Rebels,MISS,FBS,Southeastern Conference,6,0,0,1350,11-1
2025,regular,15,15,15,Week 15,2025-11-30,7,245,Texas A&M Aggies,TA&M,FBS,Southeastern Conference,3,-4,0,1282,11-1
2025,regular,15,15,15,Week 15,2025-11-30,8,201,Oklahoma Sooners,OU,FBS,Southeastern Conference,8,0,0,1140,10-2
2025,regular,15,15,15,Week 15,2025-11-30,9,87,Notre Dame Fighting Irish,ND,FBS,FBS Independents,9,0,0,1100,10-2
2025,regular,15,15,15,Week 15,2025-11-30,10,333,Alabama Crimson Tide,ALA,FBS,Southeastern Conference,10,0,0,1053,10-2
2025,regular,15,15,15,Week 15,2025-11-30,11,252,BYU Cougars,BYU,FBS,Big 12 Conference,11,0,0,982,11-1
2025,regular,15,15,15,Week 15,2025-11-30,12,2390,Miami Hurricanes,MIA,FBS,Atlantic Coast Conference,13,1,0,898,10-2
2025,regular,15,15,15,Week 15,2025-11-30,13,238,Vanderbilt Commodores,VAN,FBS,Southeastern Conference,12,-1,0,871,10-2
2025,regular,15,15,15,Week 15,2025-11-30,14,251,Texas Longhorns,TEX,FBS,Southeastern Conference,16,2,0,861,9-3
2025,regular,15,15,15,Week 15,2025-11-30,15,254,Utah Utes,UTAH,FBS,Big 12 Conference,14,-1,0,739,10-2
2025,regular,15,15,15,Week 15,2025-11-30,16,258,Virginia Cavaliers,UVA,FBS,Atlantic Coast Conference,17,1,0,637,10-2
2025,regular,15,15,15,Week 15,2025-11-30,17,30,USC Trojans,USC,FBS,Big Ten Conference,19,2,0,566,9-3
2025,regular,15,15,15,Week 15,2025-11-30,18,130,Michigan Wolverines,MICH,FBS,Big Ten Conference,15,-3,0,441,9-3
2025,regular,15,15,15,Week 15,2025-11-30,19,256,James Madison Dukes,JMU,FBS,Sun Belt Conference,20,1,0,417,11-1
2025,regular,15,15,15,Week 15,2025-11-30,20,249,North Texas Mean Green,UNT,FBS,American Conference,21,1,0,402,11-1
2025,regular,15,15,15,Week 15,2025-11-30,21,2655,Tulane Green Wave,TULN,FBS,American Conference,22,1,0,373,10-2
2025,regular,15,15,15,Week 15,2025-11-30,22,12,Arizona Wildcats,ARIZ,FBS,Big 12 Conference,,,0,257,9-3
2025,regular,15,15,15,Week 15,2025-11-30,23,2426,Navy Midshipmen,NAVY,FBS,American Conference,,,0,146,9-2
2025,regular,15,15,15,Week 15,2025-11-30,24,59,Georgia Tech Yellow Jackets,GT,FBS,Atlantic Coast Conference,23,-1,0,90,9-3
2025,regular,15,15,15,Week 15,2025-11-30,25,142,Missouri Tigers,MIZ,FBS,Southeastern Conference,,,0,73,8-4
2025,regular,16,16,16,Week 16,2025-12-07,1,84,Indiana Hoosiers,IU,FBS,Big Ten Conference,2,1,66,1650,13-0
2025,regular,16,16,16,Week 16,2025-12-07,2,61,Georgia Bulldogs,UGA,FBS,Southeastern Conference,3,1,0,1550,12-1
2025,regular,16,16,16,Week 16,2025-12-07,3,194,Ohio State Buckeyes,OSU,FBS,Big Ten Conference,1,-2,0,1538,12-1
2025,regular,16,16,16,Week 16,2025-12-07,4,2641,Texas Tech Red Raiders,TTU,FBS,Big 12 Conference,5,1,0,1452,12-1
2025,regular,16,16,16,Week 16,2025-12-07,5,2483,Oregon Ducks,ORE,FBS,Big Ten Conference,4,-1,0,1358,11-1
2025,regular,16,16,16,Week 16,2025-12-07,6,145,Ole Miss Rebels,MISS,FBS,Southeastern Conference,6,0,0,1323,11-1
2025,regular,16,16,16,Week 16,2025-12-07,7,245,Texas A&M Aggies,TA&M,FBS,Southeastern Conference,7,0,0,1278,11-1
2025,regular,16,16,16,Week 16,2025-12-07,8,201,Oklahoma Sooners,OU,FBS,Southeastern Conference,8,0,0,1154,10-2
2025,regular,16,16,16,Week 16,2025-12-07,9,87,Notre Dame Fighting Irish,ND,FBS,FBS Independents,9,0,0,1094,10-2
2025,regular,16,16,16,Week 16,2025-12-07,10,2390,Miami Hurricanes,MIA,FBS,Atlantic Coast Conference,12,2,0,1017,10-2
2025,regular,16,16,16,Week 16,2025-12-07,11,333,Alabama Crimson Tide,ALA,FBS,Southeastern Conference,10,-1,0,973,10-3
2025,regular,16,16,16,Week 16,2025-12-07,12,252,BYU Cougars,BYU,FBS,Big 12 Conference,11,-1,0,899,11-2
2025,regular,16,16,16,Week 16,2025-12-07,13,238,Vanderbilt Commodores,VAN,FBS,Southeastern Conference,13,0,0,880,10-2
2025,regular,16,16,16,Week 16,2025-12-07,14,251,Texas Longhorns,TEX,FBS,Southeastern Conference,14,0,0,872,9-3
2025,regular,16,16,16,Week 16,2025-12-07,15,254,Utah Utes,UTAH,FBS,Big 12 Conference,15,0,0,748,10-2
2025,regular,16,16,16,Week 16,2025-12-07,16,30,USC Trojans,USC,FBS,Big Ten Conference,17,1,0,609,9-3
2025,regular,16,16,16,Week 16,2025-12-07,17,2655,Tulane Green Wave,TULN,FBS,American Conference,21,4,0,521,11-2
2025,regular,16,16,16,Week 16,2025-12-07,18,130,Michigan Wolverines,MICH,FBS,Big Ten Conference,18,0,0,503,9-3
2025,regular,16,16,16,Week 16,2025-12-07,19,256,James Madison Dukes,JMU,FBS,Sun Belt Conference,19,0,0,490,12-1
2025,regular,16,16,16,Week 16,2025-12-07,20,258,Virginia Cavaliers,UVA,FBS,Atlantic Coast Conference,16,-4,0,323,10-3
2025,regular,16,16,16,Week 16,2025-12-07,21,12,Arizona Wildcats,ARIZ,FBS,Big 12 Conference,22,1,0,322,9-3
2025,regular,16,16,16,Week 16,2025-12-07,22,2426,Navy Midshipmen,NAVY,FBS,American Conference,23,1,0,173,9-2
2025,regular,16,16,16,Week 16,2025-12-07,23,249,North Texas Mean Green,UNT,FBS,American Conference,20,-3,0,151,11-2
2025,regular,16,16,16,Week 16,2025-12-07,24,59,Georgia Tech Yellow Jackets,GT,FBS,Atlantic Coast Conference,24,0,0,147,9-3
2025,regular,16,16,16,Week 16,2025-12-07,25,142,Missouri Tigers,MIZ,FBS,Southeastern Conference,25,0,0,92,8-4
2025,postseason,,,17,Final Rankings,2026-01-20,1,84,Indiana Hoosiers,IU,FBS,Big Ten Conference,1,0,66,1650,16-0
2025,postseason,,,17,Final Rankings,2026-01-20,2,2390,Miami Hurricanes,MIA,FBS,Atlantic Coast Conference,10,8,0,1584,13-3
2025,postseason,,,17,Final Rankings,2026-01-20,3,145,Ole Miss Rebels,MISS,FBS,Southeastern Conference,6,3,0,1492,13-2
2025,postseason,,,17,Final Rankings,2026-01-20,4,2483,Oregon Ducks,ORE,FBS,Big Ten Conference,5,1,0,1429,13-2
2025,postseason,,,17,Final Rankings,2026-01-20,5,194,Ohio State Buckeyes,OSU,FBS,Big Ten Conference,3,-2,0,1378,12-2
2025,postseason,,,17,Final Rankings,2026-01-20,6,61,Georgia Bulldogs,UGA,FBS,Southeastern Conference,2,-4,0,1364,12-2
2025,postseason,,,17,Final Rankings,2026-01-20,7,2641,Texas Tech Red Raiders,TTU,FBS,Big 12 Conference,4,-3,0,1232,12-2
2025,postseason,,,17,Final Rankings,2026-01-20,8,245,Texas A&M Aggies,TA&M,FBS,Southeastern Conference,7,-1,0,1157,11-2
2025,postseason,,,17,Final Rankings,2026-01-20,9,333,Alabama Crimson Tide,ALA,FBS,Southeastern Conference,11,2,0,1065,11-4
2025,postseason,,,17,Final Rankings,2026-01-20,10,87,Notre Dame Fighting Irish,ND,FBS,FBS Independents,9,-1,0,1049,10-2
2025,postseason,,,17,Final Rankings,2026-01-20,11,252,BYU Cougars,BYU,FBS,Big 12 Conference,12,1,0,961,12-2
2025,postseason,,,17,Final Rankings,2026-01-20,12,251,Texas Longhorns,TEX,FBS,Southeastern Conference,14,2,0,952,10-3
2025,postseason,,,17,Final Rankings,2026-01-20,13,201,Oklahoma Sooners,OU,FBS,Southeastern Conference,8,-5,0,941,10-3
2025,postseason,,,17,Final Rankings,2026-01-20,14,254,Utah Utes,UTAH,FBS,Big 12 Conference,15,1,0,812,11-2
2025,postseason,,,17,Final Rankings,2026-01-20,15,238,Vanderbilt Commodores,VAN,FBS,Southeastern Conference,13,-2,0,623,10-3
2025,postseason,,,17,Final Rankings,2026-01-20,16,258,Virginia Cavaliers,UVA,FBS,Atlantic Coast Conference,20,4,0,603,11-3
2025,postseason,,,17,Final Rankings,2026-01-20,17,2294,Iowa Hawkeyes,IOWA,FBS,Big Ten Conference,,,0,430,9-4
2025,postseason,,,17,Final Rankings,2026-01-20,18,2655,Tulane Green Wave,TULN,FBS,American Conference,17,-1,0,404,11-3
2025,postseason,,,17,Final Rankings,2026-01-20,19,256,James Madison Dukes,JMU,FBS,Sun Belt Conference,19,0,0,399,12-2
2025,postseason,,,17,Final Rankings,2026-01-20,20,30,USC Trojans,USC,FBS,Big Ten Conference,16,-4,0,378,9-4
2025,postseason,,,17,Final Rankings,2026-01-20,21,130,Michigan Wolverines,MICH,FBS,Big Ten Conference,18,-3,0,276,9-4
2025,postseason,,,17,Final Rankings,2026-01-20,22,248,Houston Cougars,HOU,FBS,Big 12 Conference,,,0,270,10-3
2025,postseason,,,17,Final Rankings,2026-01-20,23,2426,Navy Midshipmen,NAVY,FBS,American Conference,22,-1,0,227,11-2
2025,postseason,,,17,Final Rankings,2026-01-20,24,249,North Texas Mean Green,UNT,FBS,American Conference,23,-1,0,191,12-2
2025,postseason,,,17,Final Rankings,2026-01-20,25,2628,TCU Horned Frogs,TCU,FBS,Big 12 Conference,,,0,125,9-4
